date;Germany;Iran;Italy
2020-01-22;0;0;0
2020-01-23;0;0;0
2020-01-24;0;0;0
2020-01-25;0;0;0
2020-01-26;0;0;0
2020-01-27;1;0;0
2020-01-28;4;0;0
2020-01-29;4;0;0
2020-01-30;4;0;0
2020-01-31;5;0;2
2020-02-01;8;0;2
2020-02-02;10;0;2
2020-02-03;12;0;2
2020-02-04;12;0;2
2020-02-05;12;0;2
2020-02-06;12;0;2
2020-02-07;13;0;3
2020-02-08;13;0;3
2020-02-09;14;0;3
2020-02-10;14;0;3
2020-02-11;16;0;3
2020-02-12;16;0;3
2020-02-13;16;0;3
2020-02-14;16;0;3
2020-02-15;16;0;3
2020-02-16;16;0;3
2020-02-17;16;0;3
2020-02-18;16;0;3
2020-02-19;16;2;3
2020-02-20;16;5;3
2020-02-21;16;18;20
2020-02-22;16;28;62
2020-02-23;16;43;155
2020-02-24;16;61;229
2020-02-25;16;95;322
2020-02-26;21;139;453
2020-02-27;26;245;655
2020-02-28;53;388;888
2020-02-29;66;593;1128
2020-03-01;117;978;1694
2020-03-02;150;1501;2036
2020-03-03;188;2336;2502
2020-03-04;240;2922;3089
2020-03-05;349;3513;3858
2020-03-06;534;4747;4636
2020-03-07;684;5823;5883
2020-03-08;847;6566;7375
2020-03-09;1112;7161;9172
2020-03-10;1296;8042;10149
2020-03-11;1567;9000;12462
2020-03-12;2369;10075;15113
2020-03-13;3062;11364;17660
2020-03-14;3795;12729;21157
2020-03-15;4838;13938;24747
2020-03-16;6012;14991;27980
2020-03-17;7156;16169;31506
2020-03-18;8198;17361;35713
2020-03-19;10999;18407;41035
2020-03-20;13957;19644;47021
2020-03-21;16662;20610;53578
2020-03-22;18610;21638;59138
2020-03-23;22672;23049;63927
2020-03-24;27436;24811;69176
2020-03-25;31554;27017;74386
2020-03-26;36508;29406;80589
2020-03-27;42288;32332;86498
2020-03-28;48582;35408;92472
2020-03-29;52547;38309;97689
2020-03-30;57298;41495;101739
2020-03-31;61913;44605;105792
2020-04-01;67366;47593;110574
2020-04-02;73522;50468;115242
2020-04-03;79696;53183;119827
2020-04-04;85778;55743;124632
2020-04-05;91714;58226;128948
2020-04-06;95391;60500;132547
2020-04-07;99225;62589;135586
2020-04-08;103228;64586;139422
2020-04-09;108202;66220;143626
2020-04-10;113525;68192;147577
2020-04-11;117658;70029;152271
2020-04-12;120479;71686;156363
2020-04-13;123016;73303;159516
2020-04-14;125098;74877;162488
2020-04-15;127584;76389;165155
2020-04-16;130450;77995;168941
2020-04-17;133830;79494;172434
2020-04-18;137439;80868;175925
2020-04-19;139897;82211;178972
2020-04-20;141672;83505;181228
2020-04-21;143457;84802;183957
2020-04-22;145694;85996;187327
2020-04-23;148046;87026;189973
2020-04-24;150383;88194;192994
2020-04-25;152438;89328;195351
2020-04-26;154175;90481;197675
2020-04-27;155193;91472;199414
2020-04-28;156337;92584;201505
2020-04-29;157641;93657;203591
2020-04-30;159119;94640;205463
2020-05-01;160758;95646;207428
2020-05-02;161703;96448;209328
2020-05-03;162496;97424;210717
2020-05-04;163175;98647;211938
2020-05-05;163860;99970;213013
2020-05-06;164807;101650;214457
2020-05-07;166091;103135;215858
2020-05-08;167300;104691;217185
2020-05-09;168551;106220;218268
2020-05-10;169218;107603;219070
2020-05-11;169575;109286;219814
2020-05-12;170508;110767;221216
2020-05-13;171306;112725;222104
2020-05-14;172239;114533;223096
2020-05-15;173152;116635;223885
2020-05-16;173772;118392;224760
2020-05-17;174355;120198;225435
2020-05-18;174697;122492;225886
2020-05-19;175210;124603;226699
2020-05-20;176007;126949;227364
2020-05-21;176752;129341;228006
2020-05-22;177212;131652;228658
2020-05-23;177850;133521;229327
2020-05-24;178281;135701;229858
2020-05-25;178570;137724;230158
2020-05-26;179002;139511;230555
2020-05-27;179364;141591;231139
2020-05-28;179717;143849;231732
2020-05-29;180458;146668;232248
2020-05-30;181196;148950;232664
2020-05-31;181482;151466;232997
2020-06-01;181815;154445;233197
2020-06-02;182028;157562;233515
2020-06-03;182370;160696;233836
2020-06-04;182764;164270;234013
2020-06-05;183271;167156;234531
2020-06-06;183678;169425;234801
2020-06-07;183979;171789;234998
2020-06-08;184193;173832;235278
2020-06-09;184543;175927;235561
2020-06-10;184861;177938;235763
2020-06-11;185416;180156;236142
2020-06-12;185674;182525;236305
2020-06-13;186022;184955;236651
2020-06-14;186269;187427;236989
2020-06-15;186461;189876;237290
2020-06-16;186839;192439;237500
2020-06-17;187184;195051;237828
2020-06-18;187764;197647;238159
2020-06-19;188534;200262;238011
2020-06-20;189135;202584;238275
2020-06-21;189822;204952;238499
2020-06-22;190359;207525;238720
2020-06-23;190862;209970;238833
2020-06-24;191449;212501;239410
2020-06-25;192079;215096;239706
2020-06-26;192556;217724;239961
2020-06-27;193243;220180;240136
2020-06-28;193499;222669;240310
2020-06-29;193761;225205;240436
2020-06-30;194259;227662;240578
2020-07-01;194725;230211;240760
2020-07-02;195228;232863;240961
2020-07-03;195674;235429;241184
2020-07-04;196096;237878;241419
2020-07-05;196335;240438;241611
2020-07-06;196554;243051;241819
2020-07-07;196944;245688;241956
2020-07-08;197341;248379;242149
2020-07-09;197783;250458;242363
2020-07-10;198178;252720;242639
2020-07-11;198556;255117;242827
2020-07-12;198804;257303;243061
2020-07-13;198963;259652;243230
2020-07-14;199375;262173;243344
2020-07-15;199726;264561;243506
2020-07-16;200260;267061;243736
2020-07-17;200843;269440;243967
2020-07-18;201372;271606;244216
2020-07-19;201574;273788;244434
2020-07-20;201823;276202;244624
2020-07-21;202345;278827;244752
2020-07-22;202799;281413;245032
2020-07-23;203368;284034;245338
2020-07-24;204183;286523;245590
2020-07-25;204964;288839;245864
2020-07-26;205269;291172;246118
2020-07-27;205609;293606;246286
2020-07-28;206242;296273;246488
2020-07-29;206926;298909;246776
2020-07-30;207828;301530;247158
2020-07-31;208698;304204;247537
2020-08-01;209653;306752;247832
2020-08-02;209893;309437;248070
2020-08-03;210402;312035;248229
2020-08-04;211281;314786;248419
2020-08-05;212022;317483;248803
2020-08-06;213067;320117;249204
2020-08-07;214214;322567;249756
2020-08-08;215336;324692;250103
2020-08-09;215891;326712;250566
2020-08-10;216327;328844;250825
2020-08-11;217293;331189;251237
2020-08-12;218519;333699;251713
2020-08-13;219964;336324;252235
2020-08-14;221413;338825;252809
2020-08-15;222828;341070;253438
2020-08-16;223453;343203;253915
2020-08-17;224014;345450;254235
2020-08-18;225404;347835;254636
2020-08-19;226914;350279;255278
2020-08-20;228621;352558;256118
2020-08-21;230048;354764;257065
2020-08-22;232082;356792;258136
2020-08-23;232864;358905;259345
2020-08-24;233575;361150;260298
2020-08-25;234853;363363;261174
2020-08-26;236429;365606;262540
2020-08-27;237936;367796;263949
2020-08-28;239507;369911;265409
2020-08-29;240986;371816;266853
2020-08-30;241771;373570;268218
2020-08-31;242381;375212;269214
2020-09-01;243599;376894;270189
2020-09-02;244855;378752;271515
2020-09-03;246166;380746;272912
2020-09-04;247619;382772;274644
2020-09-05;248997;384666;276338
2020-09-06;249985;386658;277634
2020-09-07;250799;388810;278784
2020-09-08;252298;391112;280153
2020-09-09;253474;393425;281583
2020-09-10;255366;395488;283180
2020-09-11;256850;397801;284796
2020-09-12;258480;399940;286297
2020-09-13;259428;402029;287753
2020-09-14;260355;404648;288761
2020-09-15;261762;407353;289990
2020-09-16;263663;410334;291442
2020-09-17;265857;413149;293025
2020-09-18;267773;416198;294932
2020-09-19;270070;419043;296569
2020-09-20;271415;422140;298156
2020-09-21;272337;425481;299506
2020-09-22;274158;429193;300897
2020-09-23;275927;432798;302537
2020-09-24;278070;436319;304323
2020-09-25;280223;439882;306235
2020-09-26;282730;443086;308104
2020-09-27;284140;446448;309870
2020-09-28;285332;449960;311364
2020-09-29;287421;453637;313011
2020-09-30;289219;457219;314861
2020-10-01;291722;461044;317409
2020-10-02;294395;464596;319908
2020-10-03;296958;468119;322751
2020-10-04;299237;471772;325329
2020-10-05;300619;475674;327586
2020-10-06;303258;479825;330263
2020-10-07;306086;483844;333940
2020-10-08;310144;488236;338398
2020-10-09;314660;492378;343770
2020-10-10;319381;496253;349494
2020-10-11;322864;500075;354950
2020-10-12;325331;504281;359569
2020-10-13;329453;508389;365467
2020-10-14;334585;513219;372799
2020-10-15;341223;517835;381602
2020-10-16;348557;522387;391611
2020-10-17;356387;526490;402536
2020-10-18;361974;530380;414241
2020-10-19;366299;534631;423578
2020-10-20;373167;539670;434449
2020-10-21;380762;545286;449648
2020-10-22;392049;550757;465726
2020-10-23;403291;556891;484869
2020-10-24;418005;562705;504509
2020-10-25;429181;568896;525782
2020-10-26;437866;574856;542789
2020-10-27;449275;581824;564778
2020-10-28;464239;588648;589766
2020-10-29;481013;596941;616595
2020-10-30;499694;604952;647674
2020-10-31;518753;612772;679430
2020-11-01;532930;620491;709335
2020-11-02;545027;628780;731588
2020-11-03;560379;637712;759829
2020-11-04;577593;646164;790377
2020-11-05;597583;654936;824879
2020-11-06;619089;663800;862681
2020-11-07;642488;673250;902490
2020-11-08;658505;682486;935104
2020-11-09;671868;692949;960373
2020-11-10;687200;703288;995463
2020-11-11;705687;715068;1028424
2020-11-12;727553;726585;1066401
2020-11-13;751095;738322;1107303
2020-11-14;773556;749525;1144552
2020-11-15;790503;762068;1178529
2020-11-16;801327;775121;1205881
2020-11-17;815746;788473;1238072
2020-11-18;833307;801894;1272352
2020-11-19;855916;815117;1308528
2020-11-20;879564;828377;1345767
2020-11-21;902528;841308;1380531
2020-11-22;918269;854361;1408868
2020-11-23;929133;866821;1431795
2020-11-24;942687;880542;1455022
2020-11-25;961320;894385;1480874
2020-11-26;983588;908346;1509875
2020-11-27;1006394;922397;1538217
2020-11-28;1028089;935799;1564532
2020-11-29;1042700;948749;1585178
2020-11-30;1053869;962070;1601554
2020-12-01;1067473;975951;1620901
2020-12-02;1084743;989572;1641610
2020-12-03;1106789;1003494;1664829
2020-12-04;1130238;1016835;1688939
2020-12-05;1153556;1028986;1709991
2020-12-06;1171323;1040547;1728878
2020-12-07;1183655;1051374;1742557
2020-12-08;1197709;1062397;1757394
2020-12-09;1218524;1072620;1770149
2020-12-10;1242203;1083023;1787147
2020-12-11;1272078;1092407;1805873
2020-12-12;1300516;1100818;1825775
2020-12-13;1320716;1108269;1843712
2020-12-14;1337078;1115770;1855737
2020-12-15;1351510;1123474;1870576
2020-12-16;1379238;1131077;1888144
2020-12-17;1406161;1138530;1906377
2020-12-18;1439938;1145651;1921778
2020-12-19;1471238;1152072;1938083
2020-12-20;1494009;1158384;1953185
2020-12-21;1510652;1164535;1964054
2020-12-22;1530180;1170743;1977370
2020-12-23;1554920;1177004;1991278
2020-12-24;1587115;1183182;2009317
2020-12-25;1612648;1189203;2028354
2020-12-26;1627103;1194963;2038759
2020-12-27;1640858;1200465;2047696
2020-12-28;1651834;1206373;2056277
2020-12-29;1664726;1212481;2067487
2020-12-30;1687185;1218753;2083689
2020-12-31;1719737;1225142;2107166
2021-01-01;1742661;1231429;2129376
2021-01-02;1755351;1237474;2141201
2021-01-03;1765666;1243434;2155446
2021-01-04;1775513;1249507;2166244
2021-01-05;1787410;1255620;2181619
2021-01-06;1808647;1261903;2201945
2021-01-07;1835038;1268263;2220361
2021-01-08;1866887;1274514;2237890
2021-01-09;1891581;1280438;2257866
2021-01-10;1908527;1286406;2276491
2021-01-11;1921024;1292614;2289021
2021-01-12;1933826;1299022;2303263
2021-01-13;1953426;1305339;2319036
2021-01-14;1978590;1311810;2336279
2021-01-15;2000958;1318295;2352423
2021-01-16;2019636;1324395;2368733
2021-01-17;2033518;1330411;2381277
2021-01-18;2040659;1336217;2390102
2021-01-19;2052028;1342134;2400598
2021-01-20;2068002;1348316;2414166
2021-01-21;2088400;1354520;2428221
2021-01-22;2106262;1360852;2441854
2021-01-23;2122679;1367032;2455185
2021-01-24;2134936;1372977;2466813
2021-01-25;2141665;1379286;2475372
2021-01-26;2148077;1385706;2485956
2021-01-27;2161275;1392314;2501147
2021-01-28;2178828;1398841;2515507
2021-01-29;2192850;1405414;2529070
2021-01-30;2205171;1411731;2541783
2021-01-31;2216363;1417999;2553032
2021-02-01;2221971;1424596;2560957
2021-02-02;2228085;1431416;2570608
2021-02-03;2237790;1438286;2583790
2021-02-04;2252001;1445326;2597446
2021-02-05;2264909;1452380;2611659
2021-02-06;2275394;1459370;2625098
2021-02-07;2284010;1466435;2636738
2021-02-08;2288545;1473756;2644707
2021-02-09;2291924;1481396;2655319
2021-02-10;2299996;1488981;2668266
2021-02-11;2310233;1496455;2683403
2021-02-12;2320093;1503753;2697296
2021-02-13;2328447;1510873;2710819
2021-02-14;2334561;1518263;2721879
2021-02-15;2338987;1526023;2729223
2021-02-16;2342843;1534034;2739591
2021-02-17;2350399;1542076;2751657
2021-02-18;2360606;1550142;2765412
2021-02-19;2369719;1558159;2780882
2021-02-20;2378883;1566081;2795796
2021-02-21;2386559;1574012;2809246
2021-02-22;2390928;1582275;2818863
2021-02-23;2394811;1590605;2832162
2021-02-24;2402818;1598875;2848564
2021-02-25;2414687;1607081;2868435
2021-02-26;2424684;1615184;2888923
2021-02-27;2434446;1623159;2907825
2021-02-28;2442336;1631169;2925265
2021-03-01;2447068;1639679;2938371
2021-03-02;2451011;1648174;2955434
2021-03-03;2460030;1656699;2976274
2021-03-04;2471942;1665103;2999119
2021-03-05;2482522;1673470;3023129
2021-03-06;2492079;1681682;3046762
2021-03-07;2500182;1689692;3067486
2021-03-08;2505193;1698005;3081368
2021-03-09;2509445;1706559;3101093
2021-03-10;2518591;1715162;3123368
2021-03-11;2532947;1723470;3149017
2021-03-12;2545781;1731558;3175807
2021-03-13;2558455;1739360;3201838
2021-03-14;2569245;1746953;3223142
2021-03-15;2575849;1754933;3238394
2021-03-16;2581329;1763313;3258770
2021-03-17;2594764;1771115;3281810
2021-03-18;2612268;1778645;3306711
2021-03-19;2629750;1786265;3332418
2021-03-20;2645783;1793805;3356331
2021-03-21;2659516;1801065;3376376
2021-03-22;2667225;1808422;3400877
2021-03-23;2674710;1815712;3419616
2021-03-24;2690523;1823317;3440862
2021-03-25;2713180;1830823;3464543
2021-03-26;2734753;1838803;3488619
2021-03-27;2755225;1846923;3512453
2021-03-28;2772401;1855674;3532057
2021-03-29;2782273;1864984;3544957
2021-03-30;2791822;1875234;3561012
2021-03-31;2808873;1885564;3584899
2021-04-01;2833173;1897314;3607083
2021-04-02;2855061;1908974;3629000
2021-04-03;2873190;1920394;3650247
2021-04-04;2885386;1932074;3668264
2021-04-05;2893883;1945964;3678944
2021-04-06;2900768;1963394;3686707
2021-04-07;2910445;1984348;3700393
2021-04-08;2930852;2006934;3717602
2021-04-09;2956316;2029412;3736526
2021-04-10;2980413;2049078;3754077
2021-04-11;2998268;2070141;3769814
2021-04-12;3011513;2093452;3779594
2021-04-13;3022323;2118212;3793033
2021-04-14;3044016;2143794;3809193
2021-04-15;3073442;2168872;3826156
2021-04-16;3099273;2194133;3842079
2021-04-17;3123077;2215445;3857443
2021-04-18;3142262;2237089;3870131
2021-04-19;3153699;2261435;3878994
2021-04-20;3163308;2286927;3891063
2021-04-21;3188192;2311813;3904899
2021-04-22;3217710;2335905;3920945
2021-04-23;3245253;2358809;3935703
2021-04-24;3268645;2377039;3949517
2021-04-25;3287418;2396204;3962674
2021-04-26;3299325;2417230;3971114
2021-04-27;3310301;2438193;3981512
2021-04-28;3332532;2459906;3994894
2021-04-29;3357268;2479805;4009208
2021-04-30;3381597;2499077;4022653
2021-05-01;3400532;2516157;4035617
2021-05-02;3416822;2534855;4044762
2021-05-03;3425982;2555587;4050708
2021-05-04;3433516;2575737;4059821
2021-05-05;3451550;2591609;4070400
2021-05-06;3473503;2610018;4082198
2021-05-07;3491988;2627094;4092747
2021-05-08;3507673;2640670;4102921
2021-05-09;3520329;2654811;4111210
2021-05-10;3527251;2673219;4116287
2021-05-11;3533376;2691352;4123230
2021-05-12;3548285;2707761;4131078
2021-05-13;3565704;2722007;4139160
2021-05-14;3577040;2732152;4146722
2021-05-15;3584934;2739875;4153374
2021-05-16;3593434;2751166;4159122
2021-05-17;3598846;2765485;4162576
2021-05-18;3603055;2779415;4167025
2021-05-19;3614095;2792204;4172525
2021-05-20;3626393;2804632;4178261
2021-05-21;3635162;2815882;4183476
2021-05-22;3642244;2823887;4188190
2021-05-23;3648958;2832518;4192183
2021-05-24;3651640;2843523;4194672
2021-05-25;3653551;2855396;4197892
2021-05-26;3656177;2865864;4201827
2021-05-27;3662490;2875858;4205970
2021-05-28;3669870;2886111;4209707
2021-05-29;3675296;2893218;4213055
2021-05-30;3679148;2902094;4216003
2021-05-31;3681126;2913136;4217821
2021-06-01;3682911;2923823;4220304
2021-06-02;3687828;2935443;4223200
2021-06-03;3692468;2945100;4225163
2021-06-04;3695633;2954309;4227719
2021-06-05;3697927;2960751;4230153
2021-06-06;3700367;2966363;4232428
2021-06-07;3701484;2971270;4233698
2021-06-08;3702688;2980116;4235592
2021-06-09;3705942;2990714;4237790
2021-06-10;3709129;3003112;4239868
2021-06-11;3711569;3013078;4241760
2021-06-12;3713480;3020522;4243482
2021-06-13;3714969;3028717;4244872
2021-06-14;3715518;3039432;4245779
2021-06-15;3716170;3049648;4247032
2021-06-16;3717625;3060135;4248432
2021-06-17;3718955;3070426;4249755
2021-06-18;3720031;3080526;4250902
2021-06-19;3721139;3086974;4252095
2021-06-20;3721981;3095135;4252976
2021-06-21;3722327;3105620;4253460
2021-06-22;3722782;3117336;4254294
2021-06-23;3723798;3128395;4255434
2021-06-24;3724806;3140129;4255700
2021-06-25;3725580;3150949;4256451
2021-06-26;3726172;3157983;4257289
2021-06-27;3726710;3167741;4258069
2021-06-28;3726929;3180092;4258456
2021-06-29;3727333;3192809;4259133
2021-06-30;3728141;3204557;4259909
2021-07-01;3729033;3218860;4260788
2021-07-02;3729682;3232696;4261582
2021-07-03;3730353;3241037;4262511
2021-07-04;3730912;3254818;4263317
2021-07-05;3731124;3270843;4263797
2021-07-06;3731564;3286923;4264704
2021-07-07;3732549;3304135;4265714
2021-07-08;3733519;3327526;4267105
2021-07-09;3734468;3344122;4268491
2021-07-10;3735420;3355786;4269885
2021-07-11;3736165;3373450;4271276
2021-07-12;3736489;3394279;4272163
2021-07-13;3737135;3417029;4273693
2021-07-14;3738683;3440400;4275846
2021-07-15;3740325;3464055;4278319
2021-07-16;3741781;3485940;4281214
2021-07-17;3743389;3501079;4284332
2021-07-18;3744681;3523263;4287458
2021-07-19;3745227;3548704;4289528
2021-07-20;3746410;3576148;4293083
2021-07-21;3748613;3603527;4297337
2021-07-22;3750503;3623840;4302393
2021-07-23;3752592;3645654;4307535
2021-07-24;3754511;3664286;4312673
2021-07-25;3755898;3691432;4317415
2021-07-26;3756856;3723246;4320530
2021-07-27;3758401;3758197;4325046
2021-07-28;3761169;3792014;4330739
2021-07-29;3764311;3826447;4336906
2021-07-30;3766765;3851162;4343519
2021-07-31;3769165;3871008;4350028
2021-08-01;3771262;3903519;4355348
2021-08-02;3772109;3940708;4358533
2021-08-03;3773875;3979727;4363374
2021-08-04;3777446;4019084;4369964
2021-08-05;3780985;4057758;4377188
2021-08-06;3784433;4092671;4383787
2021-08-07;3787639;4119110;4390684
2021-08-08;3790766;4158729;4396417
2021-08-09;3791949;4199537;4400617
2021-08-10;3794429;4238676;4406241
2021-08-11;3799425;4281217;4413162
2021-08-12;3805063;4320266;4420429
2021-08-13;3810641;4359385;4427827
2021-08-14;3816285;4389085;4435008
2021-08-15;3821013;4425821;4440669
2021-08-16;3823139;4467015;4444338
2021-08-17;3827051;4517243;4449606
2021-08-18;3835375;4556417;4456765
2021-08-19;3843775;4587683;4464005
2021-08-20;3853055;4616516;4471225
2021-08-21;3861147;4640695;4478691
2021-08-22;3868197;4677114;4484613
2021-08-23;3871865;4715771;4488779
2021-08-24;3877612;4756394;4494857
2021-08-25;3889173;4796377;4502396
2021-08-26;3901799;4833135;4509611
2021-08-27;3913828;4869414;4517434
2021-08-28;3924131;4895448;4524292
2021-08-29;3932547;4926964;4530246
2021-08-30;3937106;4960744;4534499
2021-08-31;3942856;4992063;4539991
2021-09-01;3956387;5025233;4546487
2021-09-02;3970102;5055512;4553241
2021-09-03;3984353;5083133;4559970
2021-09-04;3995188;5103537;4566126
2021-09-05;4005641;5129407;4571440
2021-09-06;4010390;5156986;4574787
2021-09-07;4017116;5184124;4579502
2021-09-08;4030681;5210978;4585423
2021-09-09;4046112;5237799;4590941
2021-09-10;4059081;5258913;4596558
2021-09-11;4070295;5275567;4601749
2021-09-12;4077640;5295786;4606413
2021-09-13;4083151;5318327;4609205
2021-09-14;4089476;5340656;4613214
2021-09-15;4101931;5360387;4618040
2021-09-16;4114856;5378408;4623155
2021-09-17;4125878;5396013;4627699
2021-09-18;4134779;5408860;4632275
2021-09-19;4142116;5424835;4636111
2021-09-20;4145852;5442232;4638516
2021-09-21;4150516;5459796;4641890
2021-09-22;4160970;5477229;4645853
2021-09-23;4171666;5493591;4649906
2021-09-24;4181393;5508885;4653696
2021-09-25;4188604;5519728;4657215
2021-09-26;4196378;5533520;4660314
2021-09-27;4199400;5547990;4662087
2021-09-28;4203571;5559691;4665049
2021-09-29;4215351;5572962;4668261
2021-09-30;4227501;5587040;4672355
2021-10-01;4237619;5601565;4675758
2021-10-02;4246136;5611700;4679067
2021-10-03;4252300;5624128;4682034
2021-10-04;4255388;5638735;4683646
2021-10-05;4260187;5651961;4686109
2021-10-06;4271734;5662458;4689341
2021-10-07;4283378;5674083;4692274
2021-10-08;4293807;5683980;4695291
2021-10-09;4302661;5691634;4698038
2021-10-10;4310273;5702890;4700316
2021-10-11;4313384;5716394;4701832
2021-10-12;4318355;5729785;4704318
2021-10-13;4330258;5742083;4707087
2021-10-14;4342640;5754047;4709753
2021-10-15;4354158;5765904;4712482
2021-10-16;4365107;5773419;4715464
2021-10-17;4373789;5784815;4717899
2021-10-18;4377845;5796659;4719493
2021-10-19;4384616;5809967;4722188
2021-10-20;4401631;5821737;4725887
2021-10-21;4417708;5833525;4729678
2021-10-22;4437280;5844589;4733557
2021-10-23;4452425;5851670;4737462
2021-10-24;4466157;5860844;4741185
2021-10-25;4472730;5868360;4743720
2021-10-26;4483203;5877456;4747773
2021-10-27;4506415;5888100;4752368
2021-10-28;4534452;5899509;4757231
2021-10-29;4559120;5909402;4762563
2021-10-30;4580663;5916211;4767440
2021-10-31;4597550;5924638;4771965
2021-11-01;4607208;5934495;4774783
2021-11-02;4618021;5944599;4777614
2021-11-03;4638419;5954962;4782802
2021-11-04;4672368;5964824;4788704
2021-11-05;4709488;5973457;4795465
2021-11-06;4743490;5980260;4802225
2021-11-07;4767033;5987814;4808047
2021-11-08;4782546;5996155;4812594
2021-11-09;4804378;6004460;4818705
2021-11-10;4844054;6012408;4826738
2021-11-11;4894250;6019947;4835435
2021-11-12;4942890;6027269;4843957
2021-11-13;4987971;6031575;4852496
2021-11-14;5021469;6037718;4860061
2021-11-15;5045076;6045212;4865260
2021-11-16;5077124;6051642;4873075
2021-11-17;5129950;6057893;4883242
2021-11-18;5195321;6063775;4893887
2021-11-19;5248291;6069559;4904441
2021-11-20;5312215;6073098;4915981
2021-11-21;5354942;6077438;4925688
2021-11-22;5385585;6082865;4932091
2021-11-23;5430911;6088009;4942135
2021-11-24;5497795;6092822;4954585
2021-11-25;5573756;6097672;4968341
2021-11-26;5650170;6102056;4982022
2021-11-27;5717295;6105101;4994891
2021-11-28;5761696;6108882;5007818
2021-11-29;5791060;6113192;5015790
2021-11-30;5836813;6117445;5028547
2021-12-01;5903999;6121757;5043620
2021-12-02;5977208;6125596;5060430
2021-12-03;6051560;6129199;5077445
2021-12-04;6116070;6131356;5094072
2021-12-05;6158125;6134465;5109082
2021-12-06;6185961;6137821;5118576
2021-12-07;6222020;6141335;5134318
2021-12-08;6291621;6144644;5152264
2021-12-09;6362232;6147872;5164780
2021-12-10;6423520;6150843;5185270
2021-12-11;6477217;6152524;5206305
2021-12-12;6509863;6154813;5225517
2021-12-13;6531606;6157519;5238221
2021-12-14;6562429;6160303;5258886
2021-12-15;6613730;6162954;5282076
2021-12-16;6670407;6165454;5308180
2021-12-17;6721375;6167650;5336795
2021-12-18;6764188;6169011;5364852
2021-12-19;6793536;6170979;5389155
2021-12-20;6809622;6173369;5405360
2021-12-21;6833050;6175782;5436143
2021-12-22;6878709;6177885;5472469
2021-12-23;6923636;6179817;5517054
2021-12-24;6959067;6181784;5567644
2021-12-25;6981281;6182905;5622431
2021-12-26;6991381;6184762;5647313
2021-12-27;7005289;6186729;5678112
2021-12-28;7026369;6188857;5756412
2021-12-29;7066412;6190762;5854428
2021-12-30;7109182;6192698;5981428
2021-12-31;7150422;6194401;6125683
2022-01-01;7176814;6195403;6266939
2022-01-02;7189329;6196913;6328076
2022-01-03;7207847;6198590;6396110
2022-01-04;7238408;6200296;6566947
2022-01-05;7297320;6201467;6756035
2022-01-06;7361660;6203046;6975465
2022-01-07;7417995;6204224;7083762
2022-01-08;7473884;6204925;7281297
2022-01-09;7510436;6206405;7436939
2022-01-10;7535691;6208337;7554344
2022-01-11;7581381;6210298;7774863
2022-01-12;7661811;6212387;7971068
2022-01-13;7743228;6214781;8155645
2022-01-14;7835451;6217320;8356514
2022-01-15;7913473;6218741;8549450
2022-01-16;7965977;6221033;8706915
2022-01-17;8000122;6224196;8790302
2022-01-18;8074527;6227849;9018425
2022-01-19;8186850;6231909;9219391
2022-01-20;8320386;6236567;9418256
2022-01-21;8460546;6241843;9603856
2022-01-22;8596007;6245346;9781191
2022-01-23;8681447;6250490;9923678
2022-01-24;8744840;6258181;10001344
2022-01-25;8871795;6267559;10212621
2022-01-26;9035795;6279410;10383561
2022-01-27;9238931;6293695;10539601
2022-01-28;9429079;6310452;10683948
2022-01-29;9618245;6322183;10821375
2022-01-30;9737215;6344179;10925485
2022-01-31;9815533;6373174;10983116
2022-02-01;9978146;6408244;11116422
2022-02-02;10186644;6446404;11235745
2022-02-03;10422764;6483799;11348701
2022-02-04;10671602;6520707;11449601
2022-02-05;10889417;6543837;11542793
2022-02-06;11022590;6579266;11621736
2022-02-07;11117857;6619085;11663338
2022-02-08;11287428;6657842;11765767
2022-02-09;11521678;6696927;11847436
2022-02-10;11769540;6730608;11923631
2022-02-11;12009712;6761855;11991109
2022-02-12;12219501;6780453;12053330
2022-02-13;12344661;6806265;12105675
2022-02-14;12421126;6835221;12134451
2022-02-15;12580343;6860255;12205474
2022-02-16;12800315;6876565;12265343
2022-02-17;13035941;6894110;12323398
2022-02-18;13255989;6913427;12377098
2022-02-19;13445094;6925485;12427773
2022-02-20;13563126;6942452;12469975
2022-02-21;13636993;6961562;12494459
2022-02-22;13762895;6983635;12554596
2022-02-23;13971947;6998975;12603758
2022-02-24;14188269;7011932;12651251
2022-02-25;14399012;7023904;12693320
2022-02-26;14574845;7030943;12732680
2022-02-27;14682758;7040467;12764558
2022-02-28;14745107;7051429;12782836
2022-03-01;14867218;7060741;12829972
2022-03-02;15053624;7066975;12867918
2022-03-03;15264297;7073747;12910506
2022-03-04;15481890;7080217;12948859
2022-03-05;15674100;7084306;12990223
2022-03-06;15790989;7089892;13026112
2022-03-07;15869417;7096318;13048774
2022-03-08;16026216;7102159;13109527
2022-03-09;16242070;7107167;13159342
2022-03-10;16504822;7113591;13214498
2022-03-11;16757658;7117544;13268459
2022-03-12;16994744;7119763;13323179
2022-03-13;17141351;7123093;13373207
2022-03-14;17233729;7126906;13402905
2022-03-15;17432617;7130129;13489319
2022-03-16;17695210;7133139;13563466
2022-03-17;17990141;7135719;13645834
2022-03-18;18287986;7137894;13724411
2022-03-19;18548225;7139217;13800179
2022-03-20;18680017;7141033;13861743
2022-03-21;18772331;7142287;13895188
2022-03-22;18994411;7143409;13992092
2022-03-23;19278143;7144532;14070450
2022-03-24;19596530;7145877;14153098
2022-03-25;19893028;7147407;14229495
2022-03-26;20145054;7148789;14304111
2022-03-27;20256278;7151088;14364723
2022-03-28;20323779;7154003;14396283
2022-03-29;20561131;7156746;14496579
2022-03-30;20829608;7159733;14567990
2022-03-31;21357095;7162220;14642354
2022-04-01;21357039;7164484;14719394
2022-04-02;21553495;7166371;14790806
2022-04-03;21668677;7167646;14845815
2022-04-04;21668677;7171165;14877144
2022-04-05;21849074;7175780;14966058
2022-04-06;22265788;7180008;15035943
2022-04-07;22441051;7183808;15106066
2022-04-08;22591726;7186992;15173707
2022-04-09;22647197;7188749;15238128
2022-04-10;22677986;7191643;15292048
2022-04-11;22878428;7194768;15320753
2022-04-12;23017079;7197505;15404809
2022-04-13;23182447;7199861;15467395
2022-04-14;23339311;7202055;15533012
2022-04-15;23376879;7204049;15595302
2022-04-16;23416663;7205064;15659835
2022-04-17;23437145;7206959;15712088
2022-04-18;23459628;7208968;15730676
2022-04-19;23658211;7210788;15758002
2022-04-20;23844536;7212395;15858442
2022-04-21;24006254;7213808;15934437
2022-04-22;24141333;7214904;16008181
2022-04-23;24180512;7215512;16079209
2022-04-24;24200596;7216040;16136057
2022-04-25;24337394;7217117;16161339
2022-04-26;24337394;7218424;16191323
2022-04-27;24609159;7219433;16279754
2022-04-28;24710769;7220402;16349788
2022-04-29;24798067;7221121;16409183
2022-04-30;24809785;7221653;16463200
2022-05-01;24813817;7222308;16504791
2022-05-02;24927339;7223005;16523859
2022-05-03;25033970;7223576;16586268
2022-05-04;25130137;7223828;16633911
2022-05-05;25215210;7224056;16682626
2022-05-06;25287462;7224431;16726990
2022-05-07;25295950;7224701;16767773
2022-05-08;25299300;7225189;16798998
2022-05-09;25406868;7225759;16816419
2022-05-10;25503878;7226219;16872618
2022-05-11;25592839;7226672;16915301
2022-05-12;25661838;7227043;16954784
2022-05-13;25723697;7227428;16993813
2022-05-14;25729848;7227683;17030147
